UNITID,STABBR
100654,AL
100663,AL
100690,AL
100706,AL
100724,AL
100751,AL
100760,AL
100812,AL
100830,AL
100858,AL
100937,AL
101028,AL
101116,AL
101143,AL
101161,AL
101189,AL
101240,AL
101277,AL
101286,AL
101295,AL
101301,AL
101365,AL
101435,AL
101453,AL
101462,AL
101471,AL
101480,AL
101505,AL
101514,AL
101541,AL
101569,AL
101587,AL
101602,AL
101648,AL
101675,AL
101693,AL
101709,AL
101736,AL
101879,AL
101897,AL
101912,AL
101994,AL
102030,AL
102049,AL
102067,AL
102076,AL
102094,AL
102234,AL
102270,AL
102298,AL
102313,AL
102368,AL
102377,AL
102395,AL
102429,AL
102553,AK
102580,AK
102614,AK
102632,AK
102669,AK
102711,AK
102845,WA
103501,AK
103741,AZ
103893,AZ
103909,AZ
103927,AZ
103954,AZ
103963,AZ
104090,AZ
104151,AZ
104160,AZ
104179,AZ
104346,AZ
104391,AZ
104425,AZ
104443,AZ
104568,AZ
104577,AZ
104586,AZ
104665,AZ
104708,AZ
104717,AZ
105145,AZ
105154,AZ
105206,AZ
105215,AZ
105297,AZ
105330,AZ
105349,AZ
105367,AZ
105428,AZ
105525,AZ
105534,AZ
105543,NM
105589,AZ
105659,AZ
105668,AZ
105677,AZ
105747,AZ
105792,AZ
105899,AZ
106041,AZ
106111,AZ
106148,AZ
106245,AR
106263,AR
106306,AR
106315,AR
106324,AR
106342,AR
106351,AR
106360,AR
106397,AR
106412,AR
106449,AR
106458,AR
106467,AR
106485,AR
106494,AR
106546,AR
106625,AR
106704,AR
106713,AR
106795,AR
106810,AR
106883,AR
106892,AR
106908,AR
106980,AR
106999,AR
107044,AR
107071,AR
107080,AR
107099,AR
107123,AR
107141,AR
107220,AR
107293,AR
107318,AR
107327,AR
107442,AR
107460,AR
107488,AR
107512,AR
107521,AR
107549,AR
107558,AR
107585,AR
107600,AR
107619,AR
107637,AR
107655,AR
107664,AR
107725,AR
107743,AR
107789,AR
107831,AR
107840,AR
107877,AR
107974,AR
107983,AR
107992,AR
108065,AR
108092,AR
108232,CA
108269,CA
108667,CA
108807,CA
108852,CA
108861,CA
108870,CA
108977,CA
109040,CA
109086,CA
109208,CA
109350,CA
109651,CA
109721,CA
109730,CA
109785,CA
109819,CA
109907,CA
109934,CA
110060,CA
110097,CA
110194,CA
110219,AZ
110246,CA
110316,CA
110334,CA
110361,CA
110370,CA
110398,CA
110404,CA
110413,CA
110422,CA
110468,CA
110486,CA
110495,CA
110510,CA
110529,CA
110538,CA
110547,CA
110556,CA
110565,CA
110574,CA
110583,CA
110592,CA
110608,CA
110617,CA
110635,CA
110644,CA
110653,CA
110662,CA
110671,CA
110680,CA
110699,CA
110705,CA
110714,CA
110778,CA
110875,CA
110918,CA
111045,CA
111054,CA
111081,CA
111188,CA
111391,CA
111434,CA
111461,CA
111513,CA
111638,CA
111708,CA
111717,CA
111726,CA
111744,CA
111762,CA
111799,CA
111887,CA
111896,CA
111920,CA
111939,CA
111948,CA
111966,CA
112075,CA
112084,CA
112127,CA
112172,CA
112181,CA
112190,CA
112251,CA
112260,CA
112288,CA
112367,CA
112385,CA
112394,CA
112455,CA
112525,CA
112561,CA
112570,CA
112686,CA
112826,CA
113096,CA
113111,CA
113193,CA
113218,CA
113236,CA
113333,CA
113449,CA
113537,CA
113573,CA
113582,CA
113634,CA
113698,CA
113704,CA
113856,CA
113980,CA
114114,CA
114123,CA
114266,CA
114354,CA
114390,CA
114433,CA
114460,CA
114549,CA
114585,CA
114637,CA
114716,CA
114734,CA
114761,CA
114789,CA
114813,CA
114840,CA
114859,CA
114938,CA
114947,CA
115001,CA
115010,CA
115083,CA
115126,CA
115214,CA
115296,CA
115357,CA
115393,CA
115409,CA
115658,CA
115728,CA
115746,CA
115755,CA
115773,CA
115861,CA
115931,CA
116226,CA
116350,CA
116439,CA
116563,CA
116846,CA
117052,CA
117104,CA
117140,CA
117168,CA
117195,CA
117238,CA
117247,CA
117274,CA
117283,CA
117520,CA
117557,CA
117575,CA
117627,CA
117636,CA
117645,CA
117672,CA
117690,CA
117706,CA
117715,CA
117724,CA
117733,CA
117751,CA
117788,CA
117803,CA
117867,CA
117894,CA
117946,CA
117955,CA
118134,CA
118143,CA
118161,CA
118198,CA
118347,CA
118541,CA
118684,CA
118693,CA
118718,CA
118772,CA
118888,CA
118912,CA
118930,CA
118958,CA
118976,CA
118994,CA
119058,CA
119067,CA
119137,CA
119164,CA
119173,CA
119216,CA
119270,CA
119331,CA
119553,CA
119605,CA
119678,CA
119775,CA
119845,CA
119951,CA
120069,CA
120078,CA
120087,CA
120166,CA
120184,CA
120254,CA
120290,CA
120342,CA
120403,CA
120421,CA
120537,CA
120661,CA
120698,CA
120768,CA
120795,CA
120838,CA
120865,CA
120883,CA
120953,CA
120971,CA
121044,CA
121150,CA
121257,CA
121275,CA
121309,CA
121345,CA
121363,CA
121433,CA
121619,CA
121628,CA
121637,CA
121691,CA
121707,CA
121859,CA
121868,CA
121886,CA
121901,CA
121992,CA
122117,CA
122180,CA
122205,CA
122296,CA
122339,CA
122375,CA
122384,CA
122409,CA
122436,CA
122454,CA
122506,CA
122597,CA
122612,CA
122649,CA
122658,CA
122685,CA
122694,CA
122728,CA
122746,CA
122755,CA
122791,CA
122834,CA
122852,CA
122889,CA
122931,CA
122977,CA
123013,CA
123095,CA
123165,CA
123217,CA
123280,CA
123299,CA
123341,CA
123350,CA
123448,CA
123457,CA
123484,CA
123493,CA
123509,CA
123527,CA
123554,CA
123563,CA
123572,CA
123633,CA
123642,CA
123651,CA
123679,CA
123800,CA
123855,CA
123916,CA
123943,CA
123952,CA
123961,CA
123970,CA
124113,CA
124283,CA
124292,CA
124487,CA
124681,CA
124706,CA
124937,CA
125028,CA
125037,CA
125082,CA
125091,CA
125170,CA
125231,MN
125310,CA
125462,CA
125471,CA
125499,CA
125532,CA
125718,CA
125727,CA
125763,CA
125897,CA
126012,CA
126049,CA
126076,CA
126119,CA
126164,CO
126182,CO
126207,CO
126289,CO
126359,CO
126562,CO
126580,CO
126605,CO
126614,CO
126669,CO
126678,CO
126687,CO
126711,CO
126748,CO
126775,CO
126784,CO
126818,CO
126827,CO
126863,CO
126915,CO
126942,CO
126951,CO
126979,CO
127060,CO
127158,CO
127185,CO
127200,CO
127273,CO
127316,CO
127389,CO
127556,CO
127565,CO
127617,CO
127653,CO
127714,CO
127732,CO
127741,CO
127778,CO
127820,CO
127884,CO
127909,CO
127918,CO
127945,CO
127954,CO
128106,CO
128151,CO
128179,CO
128188,CO
128258,CO
128328,CO
128337,CO
128391,CO
128498,CT
128577,CT
128586,NY
128744,CT
128771,CT
128780,CT
128896,CT
128902,CT
129002,CT
129020,CT
129154,CT
129181,CT
129215,CT
129242,CT
129349,CT
129367,CT
129428,CT
129482,CT
129491,CT
129525,CT
129534,CT
129543,CT
129695,CT
129729,CT
129756,CT
129774,CT
129808,CT
129923,CT
129932,CT
129941,CT
130004,CT
130040,CT
130110,CT
130174,CT
130183,CT
130217,CT
130226,CT
130253,CT
130314,CT
130396,CT
130493,CT
130509,CT
130590,CT
130606,CT
130624,CT
130697,CT
130776,CT
130794,CT
130837,DE
130873,DE
130907,DE
130934,DE
130943,DE
130989,DE
131061,DE
131098,DE
131113,DE
131159,DC
131283,DC
131399,DC
131405,DC
131450,DC
131469,DC
131496,DC
131520,DC
131803,DC
131830,DC
131876,DC
131973,DC
132374,FL
132408,FL
132471,FL
132602,FL
132657,FL
132675,FL
132693,FL
132709,FL
132842,FL
132851,FL
132879,FL
132903,FL
132976,FL
133021,FL
133155,FL
133386,FL
133465,FL
133492,FL
133508,FL
133526,FL
133553,FL
133650,FL
133669,FL
133702,FL
133711,FL
133809,FL
133845,FL
133854,FL
133863,FL
133872,FL
133881,FL
133942,FL
133951,FL
133960,FL
133979,FL
133997,FL
134024,FL
134079,FL
134097,FL
134130,FL
134228,FL
134237,FL
134291,FL
134307,FL
134343,FL
134422,FL
134495,FL
134510,FL
134529,FL
134574,FL
134608,FL
134714,FL
134811,FL
134945,FL
135081,FL
135142,FL
135160,FL
135179,FL
135188,FL
135267,FL
135276,FL
135294,FL
135337,FL
135364,GA
135391,FL
135407,FL
135522,FL
135559,FL
135610,FL
135647,FL
135717,FL
135726,FL
135735,FL
136109,FL
136145,FL
136172,FL
136215,FL
136233,FL
136303,FL
136330,FL
136358,FL
136400,FL
136473,FL
136491,FL
136516,FL
136659,FL
136701,FL
136765,FL
136774,FL
136826,FL
136950,FL
137023,FL
137032,FL
137078,FL
137087,FL
137096,FL
137120,FL
137209,FL
137245,FL
137272,FL
137281,FL
137315,FL
137351,FL
137476,FL
137546,FL
137564,FL
137591,FL
137713,FL
137759,FL
137777,FL
137801,FL
137847,FL
137856,FL
137865,FL
137953,FL
137962,FL
138187,FL
138275,FL
138284,FL
138293,FL
138309,FL
138354,FL
138372,FL
138479,FL
138488,FL
138497,FL
138558,GA
138600,GA
138655,GA
138664,GA
138682,GA
138716,GA
138761,GA
138813,GA
138822,GA
138840,GA
138868,GA
138901,GA
138929,GA
138938,GA
138947,GA
138956,GA
139144,GA
139153,GA
139199,GA
139205,GA
139250,GA
139278,GA
139311,GA
139348,GA
139357,GA
139366,GA
139384,GA
139393,GA
139463,GA
139506,GA
139579,GA
139621,GA
139630,GA
139658,GA
139700,GA
139719,GA
139746,GA
139755,GA
139764,GA
139861,GA
139931,GA
139940,GA
139959,GA
139968,GA
139986,GA
139995,GA
140003,GA
140012,GA
140146,GA
140234,GA
140243,GA
140252,GA
140331,GA
140340,GA
140447,GA
140553,GA
140562,GA
140678,GA
140696,GA
140720,GA
140818,GA
140827,GA
140872,GA
140942,GA
140951,GA
140960,GA
140988,GA
141006,GA
141015,GA
141060,GA
141167,GA
141185,GA
141237,GA
141255,GA
141264,GA
141325,GA
141334,GA
141361,GA
141486,HI
141565,HI
141574,HI
141608,HI
141644,HI
141680,HI
141796,HI
141802,HI
141811,HI
141839,HI
141981,HI
141990,HI
142054,ID
142090,ID
142115,ID
142179,ID
142276,ID
142285,ID
142294,ID
142328,ID
142407,ID
142416,ID
142443,ID
142461,ID
142489,ID
142522,ID
142559,ID
142832,IL
142887,IL
142957,IL
143048,IL
143084,IL
143118,IL
143215,IL
143233,IN
143279,IL
143288,IL
143297,IL
143303,IL
143358,IL
143376,IL
143464,IL
143473,IL
143482,IL
143491,IL
143552,IL
143613,IL
143659,IL
143853,IL
143978,IL
144005,IL
144014,IL
144050,IL
144157,IL
144166,IL
144175,IL
144184,IL
144193,IL
144209,IL
144218,IL
144281,IL
144351,IL
144485,IL
144564,IL
144573,IL
144740,IL
144795,IL
144865,IL
144883,IL
144892,IL
144944,IL
144962,IL
144971,IL
145099,IL
145239,IL
145275,IL
145309,IL
145336,IL
145354,IL
145372,IL
145406,IL
145424,IL
145433,IL
145497,IL
145521,IL
145558,IL
145600,IL
145619,IL
145628,IL
145637,IL
145646,IL
145682,IL
145691,IL
145707,IL
145725,IL
145813,IL
145831,IL
145886,IL
146205,IL
146278,IL
146296,IL
146339,IL
146348,IL
146366,IL
146418,IL
146427,IL
146454,IL
146472,IL
146481,IL
146490,IL
146506,IL
146533,IL
146603,IL
146612,IL
146667,IL
146676,IL
146685,IL
146700,IL
146719,IL
146728,IL
146755,IL
146807,IL
146816,IL
146977,IL
147004,IL
147013,IL
147031,IL
147129,IL
147244,IL
147341,IL
147369,IL
147378,IL
147396,IL
147411,IL
147536,IL
147590,IL
147642,IL
147660,IL
147679,IL
147697,IL
147703,IL
147767,IL
147776,IL
147800,IL
147819,IL
147828,IL
147916,IL
148007,IL
148016,IL
148098,IL
148131,IL
148256,IL
148292,IL
148380,IL
148405,IL
148487,IL
148496,IL
148511,IL
148575,IL
148584,IL
148593,IL
148627,IL
148654,IL
148672,IL
148821,IL
148876,IL
148885,IL
148937,IL
148955,IL
148982,IL
148991,IL
149028,IL
149204,IL
149222,IL
149231,IL
149310,IL
149329,IL
149365,IL
149499,IL
149505,IL
149514,IL
149532,IL
149550,IL
149639,IL
149727,IL
149763,IL
149772,IL
149781,IL
149842,IL
150048,IN
150066,IN
150136,IN
150145,IN
150163,IN
150172,IN
150215,IN
150251,IN
150288,IN
150303,IN
150400,IN
150428,IN
150455,IN
150534,IN
150604,IN
150668,IN
150677,IN
150756,IN
150765,IN
150774,IN
150853,IN
150941,IN
150987,IN
151102,IN
151111,IN
151263,IN
151290,IN
151306,IN
151324,IN
151333,IN
151342,IN
151351,IN
151360,IN
151379,IN
151388,IN
151467,IN
151564,IN
151607,IN
151652,IN
151661,IN
151777,IN
151786,IN
151801,IN
151810,IN
151865,IN
151962,IN
152044,MI
152080,IN
152099,IN
152150,IN
152275,IN
152309,IN
152318,IN
152336,IN
152381,IN
152390,IN
152451,IN
152497,IN
152530,IN
152567,IN
152600,IN
152628,IN
152637,IN
152673,IN
152798,IA
152992,IA
153001,IA
153074,IA
153083,IA
153108,IA
153126,IA
153144,IA
153162,IA
153214,IA
153241,IA
153250,IA
153269,IA
153278,IA
153296,IA
153302,IA
153311,IA
153320,IA
153366,IA
153375,IA
153384,IA
153427,IA
153445,IA
153463,IA
153472,IA
153524,IA
153533,IA
153542,IA
153597,IA
153603,IA
153621,IA
153630,IA
153658,IA
153737,IA
153746,IA
153764,IA
153773,IA
153782,IA
153825,IA
153834,IA
153861,IA
153922,IA
153977,IA
154004,IA
154013,IA
154022,CA
154059,IA
154095,IA
154101,IA
154110,IA
154129,IA
154156,IA
154165,IA
154174,IA
154208,IA
154235,IA
154262,IA
154332,IA
154350,IA
154378,IA
154396,IA
154448,IA
154457,IA
154466,IA
154493,IA
154518,IA
154527,IA
154536,IA
154545,IA
154572,IA
154590,IA
154642,KS
154688,KS
154697,KS
154712,KS
154721,KS
154749,KS
154800,KS
154855,KS
154907,KS
154925,KS
154934,KS
154952,KS
154998,KS
155007,KS
155025,KS
155052,KS
155061,KS
155070,KS
155089,KS
155098,KS
155104,KS
155140,KS
155159,KS
155177,KS
155186,KS
155195,KS
155201,KS
155210,KS
155283,MO
155292,KS
155308,KS
155317,KS
155335,KS
155353,KS
155399,KS
155414,KS
155423,KS
155450,KS
155487,KS
155496,KS
155511,KS
155520,KS
155566,KS
155593,KS
155618,KS
155627,KS
155636,KS
155681,KS
155715,KS
155812,KS
155830,KS
155858,KS
155900,KS
155937,KS
155973,KS
156082,KS
156107,KS
156125,KS
156134,KS
156189,KY
156213,KY
156222,KY
156231,KY
156277,KY
156286,KY
156295,KY
156310,KY
156338,KY
156356,KY
156365,KY
156392,KY
156408,KY
156417,KY
156426,KY
156471,KY
156541,KY
156620,KY
156648,KY
156727,KY
156745,KY
156754,KY
156790,KY
156842,KY
156851,KY
156860,KY
156921,KY
156967,KY
157021,KY
157030,KY
157058,KY
157076,KY
157085,KY
157100,KY
157207,KY
157216,KY
157289,KY
157298,KY
157304,KY
157331,KY
157377,KY
157386,KY
157401,KY
157438,KY
157447,KY
157483,KY
157535,KY
157553,KY
157614,KY
157650,KY
157669,KY
157678,KY
157711,KY
157739,KY
157748,KY
157757,KY
157793,KY
157809,KY
157818,KY
157863,KY
157951,KY
158088,LA
158246,LA
158325,LA
158343,LA
158431,LA
158477,LA
158538,LA
158617,LA
158662,LA
158778,LA
158787,LA
158802,LA
158884,LA
159009,LA
159027,LA
159197,LA
159328,LA
159373,LA
159382,LA
159391,LA
159407,LA
159416,LA
159513,LA
159522,LA
159531,LA
159568,LA
159601,LA
159647,LA
159656,LA
159717,LA
159939,LA
159948,LA
159966,LA
159993,LA
160010,LA
160038,LA
160065,LA
160074,LA
160117,LA
160126,LA
160199,LA
160320,LA
160409,LA
160472,LA
160481,LA
160524,LA
160579,LA
160597,LA
160612,LA
160621,LA
160630,LA
160649,LA
160658,LA
160667,LA
160755,LA
160904,LA
160959,ME
160977,ME
160995,ME
161004,ME
161022,ME
161077,ME
161086,ME
161138,ME
161192,ME
161208,ME
161217,ME
161226,ME
161235,ME
161244,ME
161253,ME
161299,ME
161341,ME
161457,ME
161484,ME
161493,ME
161509,ME
161518,ME
161527,ME
161545,ME
161554,ME
161563,ME
161572,ME
161581,ME
161688,MD
161767,MD
161800,MD
161855,MD
161864,MD
161873,MD
162007,MD
162061,MD
162104,MD
162122,MD
162168,MD
162210,MD
162283,MD
162335,MD
162371,MD
162557,MD
162584,MD
162609,MD
162654,MD
162690,MD
162706,MD
162760,MD
162779,MD
162830,MD
162928,MD
163028,MD
163046,MD
163204,MD
163259,MD
163268,MD
163286,MD
163295,MD
163338,MD
163347,MD
163408,MD
163426,MD
163453,MD
163462,MD
163532,MD
163541,MD
163578,MD
163657,MD
163754,MD
163815,MD
163851,MD
163912,MD
163976,MD
164076,MD
164085,MD
164155,MD
164173,MD
164216,MD
164270,MD
164313,MD
164368,MA
164447,MA
164465,MA
164492,MA
164535,MA
164562,MA
164580,MA
164599,MA
164614,MA
164632,MA
164641,MA
164720,MA
164739,MA
164748,MA
164775,MA
164845,MA
164872,MA
164915,MA
164924,MA
164988,MA
165015,MA
165024,MA
165033,MA
165060,MA
165112,MA
165167,MA
165194,MA
165255,MA
165264,MA
165334,MA
165495,MA
165529,MA
165556,MA
165574,MA
165608,MA
165635,MA
165644,MA
165662,MA
165671,MA
165699,MA
165750,MA
165802,MA
165820,MA
165866,MA
165884,MA
165936,MA
165945,MA
165981,MA
166018,MA
166027,MA
166045,MA
166054,MA
166124,MA
166133,MA
166391,MA
166407,MA
166452,MA
166489,MA
166498,MA
166513,MA
166629,MA
166638,MA
166647,MA
166656,MA
166674,MA
166683,MA
166692,MA
166708,MA
166717,MA
166805,MA
166823,MA
166850,MA
166869,MA
166887,MA
166911,MA
166939,MA
166957,MA
167039,MA
167057,MA
167093,MA
167215,MA
167260,MA
167288,MA
167297,MA
167312,MA
167358,MA
167376,MA
167394,MA
167455,MA
167464,MA
167525,MA
167534,MA
167598,MA
167631,MA
167677,MA
167729,MA
167783,MA
167792,MA
167835,MA
167871,MA
167899,MA
167905,MA
167987,MA
167996,MA
168005,MA
168032,MA
168148,MA
168218,MA
168227,MA
168254,MA
168263,MA
168281,MA
168342,MA
168421,MA
168430,MA
168528,MI
168546,MI
168555,MI
168573,MI
168591,MI
168607,MI
168740,MI
168786,MI
168847,MI
168883,MI
168892,MI
169080,MI
169099,MI
169187,MI
169220,MI
169248,MI
169275,MI
169284,MI
169327,MI
169363,MI
169424,MI
169442,MI
169479,MI
169503,MI
169521,MI
169576,MI
169655,MI
169716,MI
169734,MI
169761,MI
169798,MI
169813,MI
169910,MI
169947,MI
169974,MI
169983,MI
169992,MI
170000,MI
170037,MI
170055,MI
170082,MI
170091,MI
170240,MI
170286,MI
170301,MI
170444,MI
170532,MI
170541,MI
170550,MI
170587,MI
170611,MI
170620,MI
170639,MI
170657,MI
170675,MI
170736,MI
170790,MI
170806,MI
170967,MI
170976,MI
171012,MI
171100,MI
171128,MI
171137,MI
171146,MI
171155,MI
171225,MI
171234,MI
171304,MI
171395,MI
171456,MI
171483,MI
171492,MI
171535,MI
171571,MI
171599,MI
171775,MI
171881,MI
171988,MI
171997,MI
172015,MI
172033,MI
172051,MI
172200,MI
172264,MI
172291,MI
172307,MI
172325,MI
172334,MI
172422,MI
172440,MI
172477,MI
172495,MI
172608,MI
172617,MI
172635,MI
172644,MI
172671,MI
172680,MI
172699,MI
172705,MI
172866,MN
172918,MN
172927,MN
172954,MN
172963,MN
173045,MN
173063,MN
173115,MN
173124,MN
173142,MN
173160,MN
173203,MN
173258,MN
173300,MN
173328,MN
173416,MN
173452,MN
173461,MN
173470,MN
173559,MN
173638,MN
173647,MN
173665,MN
173683,MN
173708,MN
173735,MN
173744,MN
173799,MN
173805,MN
173896,MN
173902,MN
173911,MN
173920,MN
173957,MN
173993,MN
174020,MN
174066,MN
174075,MN
174127,MN
174136,MN
174154,MN
174190,MN
174233,MN
174251,MN
174321,MN
174358,MN
174376,MN
174428,MN
174437,MN
174473,MN
174491,MN
174507,MN
174525,MN
174570,MN
174604,MN
174738,MN
174747,MN
174756,MN
174783,MN
174792,MN
174817,MN
174844,MN
174862,MN
174899,MN
174914,MN
174978,MN
175005,MN
175014,MN
175041,MN
175078,MN
175120,MN
175139,MN
175157,MN
175227,MN
175236,MN
175263,MN
175272,MN
175281,MN
175315,MN
175342,MS
175421,MS
175430,MS
175494,MS
175519,MS
175573,MS
175607,MS
175616,MS
175643,MS
175652,MS
175698,MS
175722,MS
175786,MS
175810,MS
175829,MS
175856,MS
175883,MS
175935,MS
175980,MS
176008,MS
176017,MS
176035,MS
176044,MS
176053,MS
176062,MS
176071,MS
176080,MS
176169,MS
176178,MS
176239,MS
176318,MS
176336,MS
176354,MS
176372,MS
176390,MS
176406,MS
176433,MS
176451,MS
176479,MS
176600,MO
176628,MO
176664,MO
176716,MO
176770,MO
176789,MO
176798,MO
176910,MO
176947,MO
176965,MO
176983,MO
177038,KS
177065,MO
177083,MO
177092,MO
177117,MO
177126,MO
177135,MO
177144,MO
177214,MO
177250,MO
177278,MO
177302,MO
177339,MO
177418,MO
177436,MO
177472,MO
177542,MO
177551,MO
177588,MO
177603,MO
177676,MO
177685,MO
177719,MO
177746,MO
177816,MO
177834,MO
177870,MO
177931,MO
177940,MO
177968,MO
177977,MO
177986,MO
177995,MO
178004,MO
178059,MO
178077,MO
178183,MO
178208,MO
178217,MO
178244,MO
178341,MO
178369,MO
178387,MO
178396,MO
178402,MO
178411,MO
178420,MO
178448,MO
178518,MO
178527,MO
178615,MO
178624,MO
178679,MO
178697,MO
178721,MO
178767,MO
178828,MO
178891,MO
178989,MO
179043,MO
179052,MO
179159,MO
179195,MO
179229,MO
179256,MO
179265,MO
179308,MO
179317,KS
179326,MO
179344,MO
179511,MO
179539,MO
179548,MO
179557,MO
179566,MO
179645,MO
179715,MO
179812,MO
179867,MO
179894,MO
179946,MO
179955,MO
179964,MO
179991,MT
180054,MT
180063,MT
180081,MT
180090,MT
180106,MT
180151,MT
180160,MT
180179,MT
180197,MT
180203,MT
180212,MT
180249,MT
180258,MT
180276,MT
180328,MT
180373,MT
180416,MT
180461,MT
180489,MT
180522,MT
180595,MT
180647,MT
180692,MT
180717,MT
180814,NE
180832,NE
180878,NE
180902,NE
180948,NE
180957,NE
180984,NE
181002,NE
181020,NE
181127,NE
181145,NE
181190,NE
181215,NE
181297,NE
181303,NE
181312,NE
181330,NE
181394,NE
181419,NE
181428,NE
181446,NE
181464,NE
181491,NE
181534,NE
181543,NE
181604,NE
181640,NE
181738,NE
181765,NE
181783,NE
181817,NE
181853,NE
181880,NV
181941,NV
182005,NV
182148,NV
182281,NV
182290,NV
182306,NV
182458,NV
182500,NV
182564,NV
182634,NH
182652,NH
182670,NH
182704,NH
182722,NH
182795,NH
182829,NH
182892,NH
182917,NH
182953,NH
182980,NH
182999,NH
183026,NH
183035,NH
183044,NH
183062,NH
183071,NH
183080,NH
183099,NH
183105,NH
183114,NH
183123,NH
183132,NH
183141,NH
183150,NH
183202,NH
183211,NH
183239,NH
183248,NH
183257,NH
183275,NH
183488,NJ
183600,NJ
183655,NJ
183725,NJ
183743,NJ
183789,NJ
183804,NJ
183822,NJ
183859,NJ
183877,NJ
183910,NJ
183938,NJ
183974,NJ
183983,NJ
184056,NJ
184092,NJ
184180,NJ
184205,NJ
184278,NJ
184348,NJ
184427,NJ
184481,NJ
184506,NJ
184603,NJ
184612,NJ
184694,NJ
184746,NJ
184773,NJ
184782,NJ
184791,NJ
184816,NJ
184959,NJ
184968,NJ
184995,NJ
185129,NJ
185174,NJ
185262,NJ
185396,NJ
185466,NJ
185509,NJ
185536,NJ
185572,NJ
185590,NJ
185679,NJ
185721,NJ
185758,NJ
185767,NJ
185828,NJ
185873,NJ
185970,NJ
186016,NJ
186034,NJ
186052,NJ
186122,NJ
186131,NJ
186186,NJ
186201,NJ
186274,FL
186283,NJ
186371,NJ
186380,NJ
186399,NJ
186405,NJ
186423,NJ
186432,NJ
186469,NJ
186584,NJ
186593,NJ
186618,NJ
186645,NJ
186867,NJ
186876,NJ
186900,NJ
187000,NJ
187046,NJ
187134,NJ
187198,NJ
187444,NJ
187505,NM
187532,NM
187596,NM
187620,NM
187639,NM
187648,NM
187666,NM
187745,NM
187897,NM
187903,NM
187912,NM
187958,NM
187967,NM
187976,NM
187985,NM
187994,NM
188003,NM
188021,NM
188030,NM
188049,NM
188058,NM
188100,NM
188137,NM
188182,NM
188207,NM
188216,NM
188225,NM
188261,NM
188289,NM
188304,NM
188340,NY
188429,NY
188438,NY
188517,NY
188526,NY
188535,NY
188580,NY
188641,NY
188650,NY
188669,NY
188678,NY
188687,NY
188696,NY
188854,NY
188890,NY
188915,NY
188942,NY
189015,NY
189088,NY
189097,NY
189219,NY
189228,NY
189255,NY
189273,NY
189282,NY
189404,NY
189413,NY
189468,NY
189477,NY
189501,NY
189547,NY
189565,NY
189583,NY
189592,NY
189705,NY
189714,NY
189811,NY
189839,NY
189848,NY
189857,NY
189981,NY
189990,NY
190008,NY
190044,NY
190053,NY
190071,NY
190080,NY
190099,NY
190114,NY
190150,NY
190169,NY
190239,NY
190248,NY
190318,NY
190372,NY
190415,NY
190424,NY
190442,NY
190451,NY
190503,NY
190512,NY
190521,NY
190530,NY
190549,NY
190558,NY
190567,NY
190576,NY
190585,NY
190594,NY
190600,NY
190619,NY
190628,NY
190637,NY
190646,NY
190655,NY
190664,NY
190673,NY
190682,NY
190691,NY
190707,NY
190716,NY
190725,NY
190752,NY
190761,NY
190840,NY
190956,NY
190974,NY
190983,NY
191083,NY
191126,NY
191199,NY
191205,NY
191241,NY
191287,NY
191302,NY
191311,NY
191320,NY
191339,NY
191515,NY
191533,NY
191597,NY
191612,NY
191621,NY
191630,NY
191649,NY
191676,NY
191719,NY
191728,NY
191931,NY
191940,NY
191959,NY
191968,NY
191986,NY
192004,NY
192022,NY
192040,NY
192110,NY
192165,NY
192192,NY
192271,NY
192323,NY
192448,NY
192484,NY
192509,NY
192624,NY
192688,NY
192703,NY
192712,NY
192749,NY
192785,NY
192800,NY
192819,NY
192864,NY
192925,NY
192961,NY
192970,NY
193016,NY
193052,NY
193061,NY
193070,NY
193122,NY
193186,NY
193201,NY
193247,NY
193265,NY
193283,NY
193292,NY
193308,NY
193326,NY
193353,NY
193380,NY
193399,NY
193405,NY
193478,NY
193584,NY
193609,NY
193654,NY
193672,NY
193751,NY
193821,NY
193830,NY
193858,NY
193894,NY
193900,NY
193946,NY
193973,NY
193991,NY
194028,NY
194073,NY
194091,NY
194116,NY
194161,NY
194189,NY
194222,NY
194240,NY
194259,NY
194310,NY
194392,NY
194435,NY
194499,NY
194569,NY
194578,NY
194657,NY
194666,NY
194693,NY
194718,NJ
194736,NY
194763,NY
194824,NY
194958,NY
195003,NY
195030,NY
195049,NY
195058,NY
195067,NY
195128,NY
195155,NY
195164,NY
195173,NY
195191,NY
195216,NY
195234,NY
195243,NY
195289,NY
195304,NY
195322,NY
195438,NY
195474,NY
195526,NY
195544,NY
195580,NY
195702,NY
195720,NY
195784,NY
195809,NY
195988,NY
196006,NY
196015,NY
196024,NY
196033,NY
196042,NY
196051,NY
196060,NY
196079,NY
196088,NY
196097,NY
196103,NY
196112,NY
196121,NY
196130,NY
196149,NY
196158,NY
196167,NY
196176,NY
196185,NY
196194,NY
196200,NY
196219,NY
196228,NY
196237,NY
196246,NY
196255,NY
196264,NY
196291,NY
196307,NY
196389,NY
196413,NY
196431,NY
196440,NY
196468,NY
196565,NY
196583,NY
196592,NY
196653,NY
196680,NY
196699,NY
196866,NY
196884,NY
197018,NY
197027,NY
197036,NY
197045,NY
197133,NY
197142,NY
197151,NY
197197,NY
197221,NY
197230,NY
197285,NY
197294,NY
197337,NY
197531,NY
197601,NY
197647,NY
197674,NY
197692,NY
197708,NY
197735,NY
197744,NY
197814,NC
197850,NC
197869,NC
197887,NC
197911,NC
197966,NC
197984,NC
197993,NC
198011,NC
198039,NC
198066,NC
198084,NC
198109,NC
198118,NC
198136,NC
198154,NC
198190,NC
198206,NC
198215,NC
198233,NC
198251,NC
198260,NC
198303,NC
198321,NC
198330,NC
198367,NC
198376,NC
198385,NC
198419,NC
198455,NC
198464,NC
198491,NC
198507,NC
198516,NC
198534,NC
198543,NC
198552,NC
198561,NC
198570,NC
198598,NC
198613,NC
198622,NC
198640,NC
198668,NC
198677,NC
198695,NC
198710,NC
198729,NC
198756,NC
198774,NC
198808,NC
198817,NC
198835,NC
198844,NC
198862,NC
198871,NC
198899,NC
198905,NC
198914,NC
198923,NC
198950,NC
198969,NC
198978,NC
198987,NC
199005,NC
199023,NC
199032,NC
199069,NC
199078,NC
199087,NC
199102,NC
199111,NC
199120,NC
199139,NC
199148,NC
199157,NC
199184,NC
199193,NC
199209,NC
199218,NC
199263,NC
199272,NC
199281,NC
199306,NC
199324,NC
199333,NC
199412,NC
199421,NC
199449,NC
199458,NC
199467,NC
199476,NC
199485,NC
199494,NC
199582,NC
199607,NC
199625,NC
199634,NC
199643,NC
199689,NC
199698,NC
199722,NC
199731,NC
199740,NC
199759,NC
199768,NC
199786,NC
199795,NC
199838,NC
199847,NC
199856,NC
199865,NC
199883,NC
199892,NC
199908,NC
199926,NC
199953,NC
199962,NC
199971,NC
199980,NC
199999,NC
200004,NC
200013,ND
200022,ND
200059,ND
200086,ND
200110,ND
200156,ND
200192,ND
200208,ND
200217,ND
200226,ND
200253,ND
200280,ND
200305,ND
200314,ND
200332,ND
200341,ND
200466,ND
200484,ND
200527,ND
200554,ND
200572,ND
200590,OH
200697,OH
200785,OH
200800,OH
200846,OH
200873,OH
201034,OH
201061,OH
201098,OH
201104,OH
201131,OH
201140,OH
201159,OH
201177,OH
201195,OH
201283,OH
201371,OH
201432,OH
201441,OH
201469,OH
201478,OH
201496,OH
201539,OH
201548,OH
201645,OH
201654,OH
201672,OH
201681,OH
201690,OH
201751,OH
201803,OH
201821,OH
201867,OH
201885,OH
201928,OH
201946,OH
201955,OH
201964,OH
201973,OH
202046,OH
202073,OH
202134,OH
202152,OH
202170,OH
202222,OH
202356,OH
202435,OH
202453,OH
202480,OH
202514,OH
202523,OH
202648,OH
202657,OH
202763,OH
202806,OH
202888,OH
202903,OH
202912,OH
202949,OH
202985,OH
203030,OH
203067,NY
203085,OH
203128,OH
203146,OH
203155,OH
203234,OH
203289,OH
203331,OH
203368,OH
203386,OH
203438,OH
203447,OH
203456,OH
203465,OH
203474,OH
203483,OH
203492,OH
203517,OH
203526,OH
203535,OH
203544,OH
203580,OH
203599,OH
203614,OH
203678,OH
203720,OH
203739,OH
203748,OH
203757,OH
203775,OH
203845,OH
203881,OH
203942,OH
203960,OH
203997,OH
204006,OH
204015,OH
204024,OH
204121,OH
204158,OH
204176,OH
204185,OH
204194,OH
204200,OH
204255,OH
204264,OH
204334,OH
204422,OH
204431,OH
204440,OH
204459,OH
204468,OH
204477,OH
204486,OH
204501,OH
204608,OH
204617,OH
204635,OH
204662,OH
204671,OH
204680,OH
204699,OH
204705,OH
204714,OH
204723,OH
204769,OH
204778,OH
204796,OH
204802,OH
204820,OH
204839,OH
204848,OH
204857,OH
204866,OH
204884,OH
204893,OH
204909,OH
204936,OH
204945,OH
204963,OH
204981,OH
204990,OH
205027,OH
205054,OH
205090,OH
205124,OH
205142,OH
205179,OH
205203,OH
205391,OH
205443,OH
205470,OH
205559,OH
205841,OH
205887,OH
205957,OH
205966,OH
206011,OH
206039,OH
206048,OH
206084,OH
206154,OH
206172,OH
206181,OH
206279,OH
206288,OH
206321,OH
206349,OH
206394,OH
206437,OH
206446,OH
206491,OH
206507,OH
206516,OH
206525,OH
206589,OH
206604,OH
206613,OH
206622,OH
206695,OH
206817,OK
206835,OK
206862,OK
206905,OK
206914,OK
206923,OK
206932,OK
206941,OK
206996,OK
207041,OK
207050,OK
207069,OK
207087,OK
207102,OK
207157,OK
207209,OK
207236,OK
207254,OK
207263,OK
207272,OK
207281,OK
207290,OK
207306,OK
207315,OK
207324,OK
207342,OK
207351,OK
207388,OK
207397,OK
207403,OK
207449,OK
207458,OK
207500,OK
207564,OK
207582,OK
207661,OK
207670,OK
207704,OK
207722,OK
207740,OK
207786,OK
207847,OK
207856,OK
207865,OK
207935,OK
207962,OK
207971,OK
208035,OK
208044,OK
208053,OK
208275,OR
208318,OR
208390,OR
208406,OR
208415,OR
208433,OR
208479,OR
208512,OR
208637,OR
208646,OR
208725,OR
208822,OR
208859,OR
209038,OR
209056,OR
209065,OR
209074,OR
209083,OR
209153,OR
209205,OR
209241,OR
209250,OR
209287,OR
209296,OR
209409,OR
209490,OR
209506,OR
209542,OR
209551,OR
209603,OR
209612,OR
209667,OR
209676,OR
209694,OR
209700,OR
209719,OR
209746,OR
209807,OR
209825,OR
209922,OR
209940,OR
210146,OR
210155,OR
210234,OR
210270,OR
210304,OR
210331,OR
210340,OR
210368,OR
210401,OR
210429,OR
210438,OR
210474,PA
210492,PA
210508,PA
210571,PA
210599,PA
210605,PA
210669,PA
210711,PA
210739,PA
210748,PA
210775,PA
210784,PA
210809,PA
211006,PA
211024,PA
211079,PA
211088,PA
211130,PA
211158,PA
211273,PA
211291,PA
211307,PA
211316,PA
211334,PA
211343,PA
211352,PA
211361,PA
211431,PA
211440,PA
211468,PA
211477,PA
211556,PA
211583,PA
211608,PA
211635,PA
211644,PA
211802,PA
211893,PA
211927,PA
211981,PA
212009,PA
212045,PA
212054,PA
212106,PA
212115,PA
212133,PA
212160,PA
212197,PA
212230,PA
212267,PA
212276,PA
212294,PA
212300,PA
212328,PA
212337,GA
212355,PA
212382,PA
212391,PA
212434,PA
212443,PA
212577,PA
212601,PA
212656,PA
212674,PA
212753,PA
212771,PA
212805,PA
212832,PA
212869,PA
212878,PA
212911,PA
212975,PA
212984,PA
212993,PA
213011,PA
213020,PA
213163,PA
213181,PA
213215,PA
213233,PA
213251,PA
213303,PA
213321,PA
213330,PA
213349,PA
213358,PA
213367,PA
213376,PA
213385,PA
213400,PA
213446,PA
213455,PA
213473,PA
213491,PA
213507,PA
213525,PA
213534,PA
213543,PA
213570,PA
213589,PA
213598,PA
213613,PA
213622,PA
213631,PA
213659,PA
213668,PA
213774,PA
213783,PA
213826,PA
213914,PA
213932,PA
213987,PA
213996,PA
214023,PA
214041,PA
214069,PA
214111,PA
214148,PA
214157,PA
214166,PA
214175,PA
214272,PA
214290,PA
214379,PA
214476,PA
214528,PA
214564,PA
214582,PA
214883,PA
214892,PA
214944,PA
214971,PA
215008,PA
215044,PA
215053,PA
215062,PA
215105,PA
215114,PA
215123,PA
215132,PA
215239,PA
215266,PA
215275,PA
215284,PA
215293,PA
215309,PA
215336,PA
215381,PA
215390,PA
215415,PA
215424,PA
215442,PA
215479,PA
215530,PA
215585,PA
215594,PA
215619,PA
215637,PA
215655,PA
215682,PA
215691,PA
215743,PA
215770,PA
215798,PA
215813,PA
215886,PA
215929,PA
215947,PA
215974,PA
215983,PA
215992,PA
216010,PA
216038,PA
216047,PA
216074,PA
216083,PA
216162,PA
216223,PA
216278,PA
216287,PA
216296,PA
216311,PA
216339,PA
216348,PA
216357,PA
216366,PA
216436,PA
216445,PA
216454,PA
216463,PA
216524,PA
216542,PA
216551,PA
216579,PA
216597,PA
216630,PA
216667,PA
216694,PA
216746,PA
216764,PA
216773,PA
216782,PA
216807,PA
216816,PA
216825,PA
216852,PA
216931,PA
216940,PA
217013,PA
217040,PA
217059,PA
217077,PA
217156,RI
217165,RI
217235,RI
217305,RI
217323,RI
217402,RI
217420,RI
217475,RI
217484,RI
217493,RI
217518,RI
217536,RI
217581,RI
217606,MA
217615,SC
217624,SC
217633,SC
217688,SC
217712,SC
217721,SC
217749,SC
217776,SC
217794,SC
217819,SC
217828,SC
217837,SC
217864,SC
217873,SC
217882,SC
217891,SC
217907,SC
217925,SC
217934,SC
217961,SC
217989,SC
217998,SC
218025,SC
218061,SC
218070,SC
218113,SC
218140,SC
218159,SC
218195,SC
218229,SC
218238,SC
218335,SC
218353,SC
218399,SC
218414,SC
218441,SC
218487,SC
218520,SC
218539,SC
218645,SC
218654,SC
218663,SC
218672,SC
218681,SC
218690,SC
218706,SC
218724,SC
218733,SC
218742,SC
218751,SC
218821,SC
218830,SC
218858,SC
218867,SC
218885,SC
218894,SC
218919,SC
218955,SC
218964,SC
218973,SC
218991,SC
219000,SD
219037,SD
219046,SD
219082,SD
219091,SD
219125,SD
219143,SD
219170,SD
219189,SD
219198,SD
219204,SD
219240,SD
219259,SD
219277,SD
219295,SD
219338,SD
219347,SD
219356,SD
219374,SD
219383,SD
219392,SD
219408,SD
219426,SD
219453,SD
219471,SD
219480,SD
219505,TN
219587,TN
219596,TN
219602,TN
219639,TN
219709,TN
219718,TN
219790,TN
219806,TN
219824,TN
219833,TN
219842,TN
219851,TN
219879,TN
219888,TN
219903,TN
219921,TN
219949,TN
219976,TN
219994,TN
220002,TN
220057,TN
220075,TN
220118,TN
220127,TN
220163,TN
220181,TN
220206,TN
220215,TN
220251,TN
220279,TN
220321,TN
220394,TN
220400,TN
220464,TN
220473,TN
220491,TN
220516,TN
220552,TN
220598,TN
220604,TN
220613,TN
220631,TN
220640,TN
220701,TN
220710,TN
220756,TN
220765,TN
220792,TN
220853,TN
220862,TN
220871,TN
220978,TN
220996,TN
221050,TN
221096,TN
221102,TN
221148,TN
221184,TN
221236,TN
221281,TN
221333,TN
221351,TN
221388,TN
221397,TN
221430,TN
221485,TN
221494,TN
221519,TN
221582,TN
221591,TN
221607,TN
221616,TN
221625,TN
221634,TN
221643,TN
221661,TN
221670,TN
221731,TN
221740,TN
221759,TN
221768,TN
221829,TN
221838,TN
221847,TN
221892,TN
221908,TN
221953,TN
221971,TN
221999,TN
222053,TN
222062,TN
222105,TN
222178,TX
222567,TX
222576,TX
222628,TX
222822,TX
222831,TX
222877,TX
222886,TX
222938,TX
222983,TX
222992,TX
223001,TX
223056,TX
223083,TX
223117,TX
223223,TX
223232,TX
223320,TX
223427,TX
223463,TX
223472,TX
223506,TX
223816,TX
223852,TX
223898,TX
223922,TX
224004,TX
224013,TX
224110,TX
224147,TX
224156,TX
224226,TX
224244,TX
224271,TX
224305,TX
224323,TX
224350,TX
224527,TX
224545,TX
224554,TX
224615,TX
224642,TX
224660,TX
224679,TX
224712,TX
224758,TX
224776,TX
224828,TX
224891,TX
224961,TX
225070,TX
225201,TX
225247,TX
225308,TX
225371,TX
225399,TX
225414,TX
225423,TX
225432,TX
225502,TX
225511,TX
225520,TX
225548,TX
225575,TX
225627,TX
225876,TX
225885,TX
225991,TX
226019,TX
226091,TX
226107,TX
226116,TX
226125,TX
226134,TX
226152,TX
226204,TX
226231,TX
226277,TX
226383,TX
226408,TX
226471,TX
226578,TX
226587,TX
226675,TX
226806,TX
226833,TX
226860,TX
226879,TX
226903,TX
227058,TX
227146,TX
227182,TX
227216,TX
227225,TX
227289,TX
227298,TX
227304,TX
227313,TX
227322,TX
227331,TX
227368,TX
227377,TX
227386,TX
227401,TX
227429,TX
227526,TX
227687,TX
227748,TX
227757,TX
227845,TX
227854,TX
227863,TX
227881,TX
227924,TX
227979,TX
228042,TX
228088,TX
228149,TX
228158,TX
228185,TX
228194,TX
228200,TX
228219,TX
228246,TX
228282,TX
228316,TX
228325,TX
228343,TX
228431,TX
228459,TX
228468,TX
228486,TX
228501,TX
228529,TX
228547,TX
228608,TX
228635,TX
228644,TX
228653,TX
228699,TX
228705,TX
228723,TX
228769,TX
228778,TX
228787,TX
228796,TX
228802,TX
228866,TX
228875,TX
228884,TX
228909,TX
228981,TX
229018,TX
229027,TX
229063,TX
229115,TX
229160,TX
229179,TX
229267,TX
229300,TX
229337,TX
229355,TX
229416,TX
229425,TX
229504,TX
229522,TX
229540,TX
229656,TX
229780,TX
229799,TX
229814,TX
229832,TX
229841,TX
229887,TX
230010,UT
230038,UT
230047,HI
230056,UT
230065,UT
230144,UT
230162,UT
230171,UT
230199,UT
230205,UT
230214,UT
230366,UT
230418,UT
230490,UT
230597,UT
230603,UT
230621,UT
230676,UT
230728,UT
230737,UT
230746,UT
230764,UT
230782,UT
230807,UT
230816,VT
230834,VT
230852,VT
230861,VT
230889,VT
230913,VT
230959,VT
230977,VT
230995,VT
231004,VT
231059,VT
231068,VT
231095,VT
231147,VT
231165,VT
231174,VT
231280,VA
231411,VA
231420,VA
231536,VA
231554,VA
231581,VA
231624,VA
231651,VA
231688,VA
231697,VA
231712,VA
231721,VA
231785,VA
231873,VA
231882,VA
231970,VA
232016,VA
232025,VA
232043,VA
232052,VA
232089,VA
232186,VA
232195,VA
232256,VA
232265,VA
232308,VA
232414,VA
232423,VA
232450,VA
232557,VA
232566,VA
232575,VA
232609,VA
232618,VA
232672,VA
232681,VA
232706,VA
232724,VA
232788,VA
232797,VA
232867,VA
232885,VA
232919,VA
232937,VA
232946,VA
232982,VA
233019,VA
233037,VA
233082,VA
233116,VA
233277,VA
233286,VA
233295,VA
233301,VA
233310,VA
233329,VA
233338,VA
233356,VA
233374,VA
233408,VA
233426,VA
233480,VA
233541,VA
233602,NC
233611,VA
233639,VA
233648,VA
233666,VA
233684,VA
233718,VA
233754,VA
233772,VA
233842,VA
233897,VA
233903,VA
233921,VA
233949,VA
234030,VA
234076,VA
234085,VA
234119,VA
234137,VA
234155,VA
234164,VA
234173,VA
234207,VA
234377,VA
234669,WA
234696,WA
234711,WA
234827,WA
234845,WA
234915,WA
234924,WA
234933,WA
234951,WA
234979,WA
235024,WA
235088,WA
235097,WA
235103,WA
235149,WA
235158,WA
235167,WA
235237,WA
235307,WA
235316,WA
235334,WA
235343,WA
235352,WA
235422,WA
235431,WA
235501,WA
235547,WA
235583,WA
235671,WA
235699,WA
235750,WA
236018,WA
236072,WA
236133,WA
236188,WA
236212,WA
236230,WA
236258,WA
236328,WA
236382,WA
236452,WA
236504,WA
236513,WA
236577,WA
236595,WA
236610,WA
236638,WA
236656,WA
236692,WA
236708,WA
236744,WA
236753,WA
236887,WA
236896,WA
236939,WA
236948,WA
236975,WA
237011,WA
237039,WA
237057,WA
237066,WA
237109,WA
237118,WV
237127,KY
237136,WV
237145,WV
237172,WV
237181,WV
237215,WV
237242,WV
237303,WV
237312,WV
237321,WV
237330,WV
237358,WV
237367,WV
237385,WV
237437,WV
237473,WV
237491,WV
237525,WV
237543,WV
237552,WV
237561,WV
237570,WV
237598,WV
237640,WV
237686,WV
237701,WV
237729,WV
237783,WV
237792,WV
237817,WV
237844,WV
237880,WV
237899,WV
237905,WV
237932,WV
237950,WV
237969,WV
237987,WV
237996,WV
238005,WV
238014,WV
238032,WV
238078,WV
238096,WV
238175,WI
238193,WI
238263,WI
238324,WI
238333,WI
238397,WI
238430,WI
238458,WI
238476,WI
238573,WI
238616,WI
238661,WI
238722,WI
238759,WI
238810,WI
238980,WI
239008,WI
239017,WI
239071,WI
239080,WI
239105,WI
239169,WI
239220,WI
239248,WI
239309,WI
239318,WI
239372,WI
239390,WI
239424,WI
239442,WI
239460,WI
239488,WI
239512,WI
239628,WI
239637,WI
239716,WI
239877,WI
239910,WI
240107,WI
240116,WI
240125,WI
240170,WI
240189,WI
240198,WI
240213,WI
240268,WI
240277,WI
240329,WI
240338,WI
240365,WI
240374,WI
240392,WI
240417,WI
240426,WI
240444,WI
240453,WI
240462,WI
240471,WI
240480,WI
240505,WY
240514,WY
240596,WY
240620,WY
240657,WY
240666,WY
240693,WY
240709,WY
240718,WY
240727,WY
240736,AS
240745,GU
240754,GU
240790,MP
240879,PR
240985,PR
241100,PR
241128,PR
241146,PR
241182,PR
241191,PR
241216,PR
241225,PR
241304,PR
241331,PR
241377,PR
241386,PR
241395,PR
241410,PR
241517,PR
241614,PR
241720,PR
241739,PR
241766,PR
241793,PR
241836,PR
241906,PR
241951,PR
242042,PR
242112,PR
242121,PR
242130,PR
242149,PR
242413,LA
242556,PR
242565,PR
242583,PR
242617,PR
242626,PR
242635,PR
242644,PR
242653,PR
242662,PR
242680,PR
242699,PR
242705,PR
242723,PR
242750,PR
242820,PR
242945,PR
242954,PR
242972,PR
243081,PR
243106,PR
243115,PR
243133,PR
243142,PR
243151,PR
243179,PR
243188,PR
243197,PR
243203,PR
243212,PR
243221,PR
243346,PR
243443,PR
243498,PR
243568,PR
243577,PR
243586,PR
243601,PR
243638,FM
243647,PW
243665,VI
243744,CA
243780,IN
243799,MA
243823,TX
243832,PR
243841,PR
244233,FL
244279,FL
244437,GA
244446,GA
244613,IL
245281,MS
245625,NJ
245652,NM
245777,NY
245838,CA
245847,CA
245865,NH
245883,WA
245892,OH
245953,OK
245962,OK
245980,OK
245999,OK
246017,OK
246035,OR
246071,PA
246345,TX
246354,TX
246406,TX
246415,TX
246460,TX
246789,NY
246813,GA
246895,AZ
246974,CA
247010,ID
247047,ID
247065,KY
247153,MI
247162,MI
247409,MI
247603,NJ
247649,VT
247773,MI
247825,TX
247834,TX
247940,KY
248192,KY
248527,LA
248606,OK
248624,PA
248633,PA
248660,TN
248703,TX
248925,TN
248934,VA
249061,IL
249238,TX
249566,OH
249609,PA
250027,PA
250285,PA
250744,MI
250902,OH
250993,OK
251260,AL
251312,SC
260336,MO
260363,PA
260372,WI
260664,LA
260691,AZ
260789,CA
260813,CO
260929,ID
260965,IL
260992,IL
261436,MI
261676,MI
261685,MI
261719,MI
261773,MO
261861,PA
262022,CA
262031,MO
262086,CA
262129,FL
262165,MT
262341,AZ
262369,CA
262402,CA
262457,CA
262466,CO
362700,FL
362782,MA
363013,MI
363077,NJ
363147,OH
363165,OK
363439,KY
363633,NM
363679,MO
363712,FL
363721,DC
363882,OH
363907,PR
363916,PR
363934,AZ
364016,AZ
364025,AZ
364548,OK
364575,WV
364627,OK
364636,OH
364751,LA
364760,IL
364946,OK
364964,NY
365091,GA
365125,CA
365198,OK
365204,TX
365213,OK
365240,OH
365374,OK
365383,PA
365480,OK
365505,MO
365693,NE
365763,NJ
365824,MI
365833,MI
366003,FL
366155,LA
366191,IL
366252,PA
366261,TX
366270,LA
366289,CA
366340,MT
366368,NY
366395,NY
366401,CA
366438,MD
366465,GA
366535,AL
366553,FL
366571,IA
366605,NM
366623,OK
366632,PA
366711,CA
367051,IL
367088,IN
367103,KY
367112,LA
367158,MI
367334,NY
367361,TX
367431,PA
367459,AR
367875,FL
367884,FL
367954,CA
367972,IL
367981,IL
368036,IN
368230,NJ
368364,OK
368407,PA
368443,TN
368452,TN
368540,TX
368629,WA
368647,WV
368771,CA
368832,CA
368911,GA
369002,MA
369109,OH
369400,FL
369419,FL
369446,IL
369455,IL
369516,MO
369659,OR
369668,PA
369686,TX
369695,TX
369783,TX
369950,OH
371034,AL
371052,AL
371690,CA
371830,CA
371928,CA
371964,CA
372028,CA
372073,CA
372082,CA
372240,CA
372329,CO
372356,CO
372462,FL
372718,FL
372921,GA
373085,IA
373216,IL
373456,LA
373526,LA
373678,MA
373696,MA
373711,MA
373784,MD
374024,MN
374316,MS
374343,MS
374574,NJ
374592,NJ
375106,NY
375230,NY
375373,OH
375407,OH
375416,OH
375540,OH
375568,OH
375656,OK
375683,OK
375726,OK
375939,PA
375966,PA
375984,PA
376224,PR
376242,PR
376288,PR
376321,PR
376330,PR
376385,PR
376446,SC
376631,TN
376677,TN
376695,MH
377111,TX
377193,TX
377218,TX
377272,TX
377281,TX
377315,TX
377342,TX
377449,VA
377458,VA
377485,VA
377546,WA
377555,WA
377564,WA
377643,WV
377652,WV
377661,WV
377722,CA
377759,CA
378105,CA
378576,CA
378886,FL
378956,FL
379621,NY
379746,TX
379782,TX
380067,TX
380359,MI
380368,MN
380377,WA
380438,UT
380465,UT
381255,CA
381282,CA
381325,CA
381352,CO
381370,MI
381404,TX
381459,AZ
381486,IA
381699,CO
381732,CO
382258,CA
382416,MA
382461,MS
382780,TN
382911,TX
382957,VA
383020,WI
383084,CA
383163,FL
383190,HI
383279,NJ
383297,NY
383312,OH
383330,OH
383367,PA
383464,TX
383525,NY
383765,NY
383996,NM
384236,CA
384245,CA
384254,FL
384306,CA
384333,AZ
384342,IL
384412,DC
384421,NJ
385132,FL
385415,NY
385503,PA
385619,FL
386153,NY
386472,FL
387925,FL
388520,TX
388663,OH
389860,OH
390905,OH
391005,MI
391759,MI
392257,TX
392354,NY
392415,TX
393524,CA
393649,CA
393861,CA
395362,CA
395690,CA
397942,CA
399212,CA
399869,CA
399911,CA
400080,CA
400187,CA
400558,CA
401223,CA
401250,CA
401481,IL
401764,IL
402563,LA
402800,TX
403469,IL
403478,IL
403487,IL
404037,AZ
404055,AZ
404222,PR
404338,FL
404426,AZ
404684,PR
404718,TN
404806,PR
404912,CO
404994,NY
405012,OH
405058,NY
405076,TX
405854,NY
405872,MD
406024,FL
406033,TX
406149,FL
406325,NY
406361,NY
406413,PA
406422,PA
406486,UT
406547,FL
407090,IL
407142,LA
407151,LA
407179,MA
407355,NE
407391,NJ
407407,NJ
407425,NJ
407434,NY
407461,OH
407470,OH
407489,OH
407513,OH
407522,OH
407568,OH
407577,OH
407595,OH
407610,OR
407629,PA
407683,TX
407708,WA
407735,WI
407832,OH
408066,KS
408163,NC
408385,TX
408729,PA
408844,FL
408862,GA
409032,FL
409120,MO
409193,PR
409254,IL
409315,TX
409537,OH
409591,OH
409616,RI
409698,CA
410797,OH
410964,MA
411684,CA
411754,OH
412173,FL
412535,MA
412544,NY
412599,TN
413176,WV
413413,MN
413617,WI
413626,MN
413680,CA
413778,CT
413820,OK
413893,GA
413945,GA
413972,NC
414063,NJ
414124,MA
414461,PR
414489,TX
414540,PA
414595,NY
414823,FL
414869,IN
414878,IN
414911,PA
414939,NV
414966,OK
415039,PA
415057,CT
415987,NY
416458,CA
416801,TX
417008,AL
417062,CA
417105,CA
417123,CA
417248,CT
417275,CT
417327,FL
417442,IL
417503,KS
417600,MN
417628,MO
417637,MO
417646,MO
417655,MO
417682,MO
417716,MO
417725,MO
417734,MO
417752,TX
417831,NJ
417840,PA
417868,NY
417886,NY
417910,NY
417983,NY
417992,NY
418001,NY
418010,NY
418029,NY
418038,NY
418056,NY
418065,NY
418083,NY
418126,NY
418171,NY
418199,OH
418205,OH
418223,OH
418250,OH
418269,OH
418278,OH
418296,OK
418302,OK
418320,OK
418348,OK
418357,OK
418409,PA
418427,PA
418445,PA
418454,PA
418481,PA
418515,PA
418524,PA
418533,PA
418542,PA
418560,PA
418588,PA
418612,PA
418658,PA
418764,PR
418773,PR
418782,PR
418889,TN
418913,TX
418968,TX
419031,WV
419095,MA
419183,CA
419217,FL
419226,FL
419235,GA
419244,GA
419253,IL
419280,MO
419332,PA
419341,PA
419420,WV
419484,PA
419633,TX
419703,PR
419712,PR
419721,PR
420024,VA
420042,HI
420130,NJ
420246,AZ
420255,PR
420325,NY
420343,NJ
420370,DC
420398,TX
420431,GA
420440,ME
420468,NY
420538,AR
420556,OR
420705,TX
420723,OR
420981,NY
421513,KY
421610,UT
421665,MI
421708,AZ
421717,OH
421771,MO
421832,NC
421841,NY
421878,NJ
421896,PR
422020,CA
422695,CA
422835,CA
423120,FL
423397,PR
423412,TX
423643,AZ
423652,OR
425250,GA
425986,MA
426314,FL
427308,NY
427335,NY
427894,VA
427973,VA
427982,VA
427991,FL
428000,FL
428019,OK
428055,PR
428125,CA
428143,OK
428170,FL
428259,WI
428392,OR
429012,FL
429085,TX
429094,TX
429128,MA
430184,MD
430227,PA
430245,TX
430306,VA
430403,NJ
430485,NE
430564,NY
430582,FL
430670,PR
430704,TX
430795,WV
430883,NY
430908,PA
430935,PR
430971,PA
431017,OK
431071,NY
431099,MA
431105,NY
431123,PR
431141,CA
431169,WV
431187,CT
431196,NY
431266,VA
431275,NY
431284,TX
431558,FL
431600,PA
431716,NJ
431929,PR
431983,NY
432117,SC
432269,TX
432348,VA
432384,CA
432524,DE
433004,CA
433013,CA
433040,MA
433068,FL
433101,RI
433138,OH
433174,NC
433387,UT
433420,CA
433536,LA
433660,FL
434016,NE
434061,LA
434140,CA
434159,GA
434274,TX
434283,TX
434292,NC
434308,MD
434344,MA
434362,WA
434432,NE
434441,FL
434469,FL
434496,SC
434539,FL
434584,AK
434672,MD
434715,FL
434751,MN
434821,LA
434830,OH
434900,PR
434937,MD
435000,LA
436003,NJ
436030,MD
436100,ID
436261,CO
436304,LA
436429,CA
436553,PR
436599,MA
436614,AZ
436632,NC
436641,AL
436650,LA
436775,TX
436818,CT
436827,CT
436836,CT
437097,VA
437103,LA
437237,RI
437316,OR
437325,OR
437556,IL
437608,TX
437635,TX
437705,PR
437723,NJ
437732,TX
437750,CA
437769,VA
437778,TX
437857,IN
437936,CA
438151,UT
438179,AZ
438221,PA
438258,CA
438285,FL
438337,PR
438498,VA
438504,CA
438586,GA
438674,MS
438708,WV
438735,IN
438984,PR
439020,IL
439118,WA
439190,WA
439288,CO
439367,CA
439394,FL
439446,FL
439455,IL
439473,DC
439491,LA
439507,TX
439570,OK
439622,NY
439668,AZ
439686,FL
439701,TX
439738,LA
439747,CA
439774,FL
439783,NY
439792,FL
439817,NY
439844,LA
439862,GU
439871,CA
439899,OH
439914,WA
439932,OK
439969,FL
440004,NH
440031,CA
440059,GA
440101,GA
440217,PA
440226,MO
440262,NY
440271,LA
440396,ID
440402,AR
440651,PR
440730,NY
440749,SD
440776,TX
440794,NJ
440819,CA
440828,OR
440855,TX
440916,LA
440989,TX
441025,SC
441052,CA
441070,MI
441104,TN
441131,WA
441168,OR
441210,AZ
441229,CA
441238,CA
441256,CA
441371,FL
441380,FL
441414,FL
441423,FL
441487,MO
441496,MO
441502,MS
441548,NJ
441575,NY
441593,NY
441609,NY
441618,NY
441636,OH
441645,OH
441663,OR
441672,PA
441690,PR
441706,PR
441742,TX
441760,TX
441788,TX
441830,UT
441858,VA
441876,VA
441900,NV
441937,CA
441982,MA
442064,PA
442073,NJ
442134,CO
442161,IL
442213,ME
442240,CA
442295,FL
442329,FL
442356,PA
442383,WV
442392,OH
442426,MO
442435,GA
442444,CA
442523,AK
442569,KS
442602,NM
442611,NC
442639,VA
442657,CA
442781,AZ
442806,VA
442842,IL
442879,AZ
442888,CA
442930,CA
442949,OR
442967,NM
442976,KY
442985,CA
443021,TX
443030,IL
443049,WA
443058,OK
443076,NC
443100,PR
443128,CA
443137,MI
443146,TX
443207,CA
443216,NJ
443225,NJ
443234,FL
443252,FL
443261,SC
443289,CO
443298,TX
443322,TX
443331,CA
443340,TN
443377,PA
443410,WA
443492,WV
443562,PR
443571,CA
443599,OR
443632,CO
443641,RI
443650,TN
443669,NV
443696,TX
443702,IL
443748,GA
443766,TN
443784,PA
443951,PR
443979,MN
444051,OH
444088,NM
444103,PA
444130,CA
444194,PR
444219,CA
444228,SC
444255,TN
444264,PR
444282,VA
444291,MD
444307,PA
444316,MT
444325,CA
444334,FL
444343,CA
444361,CA
444370,FL
444398,TX
444404,FL
444413,NY
444440,AL
444468,TN
444486,NC
444510,CA
444529,CA
444556,TX
444565,TX
444583,PR
444635,OH
444662,LA
444671,PR
444699,HI
444714,GA
444732,PR
444778,NC
444787,UT
444796,GA
444811,PA
444857,UT
444866,SC
444893,DC
444936,AZ
444945,LA
444954,WV
445027,AZ
445054,IL
445133,TX
445188,CA
445203,TX
445212,FL
445230,NV
445249,TN
445258,OK
445267,MO
445300,NJ
445364,CA
445461,TX
445498,PR
445540,AR
445638,MA
445647,MA
445656,MA
445692,UT
445708,NC
445735,NV
445744,FL
445762,VA
445780,ID
445799,PA
445841,SC
445850,SC
445869,VA
445911,CT
445948,NV
445957,IL
446002,MN
446039,AZ
446048,FL
446084,IL
446093,CA
446109,FL
446118,CA
446127,FL
446136,MI
446163,CA
446206,VA
446224,NJ
446233,AR
446242,KY
446251,IL
446260,WA
446288,MI
446303,NJ
446349,WV
446385,CA
446394,MD
446455,PA
446516,PR
446525,TN
446552,FL
446561,CA
446589,FL
446598,NE
446604,NY
446613,SC
446640,PA
446774,WV
447014,FL
447023,MS
447050,CA
447148,AZ
447166,CO
447175,CO
447263,UT
447351,CA
447379,OK
447421,UT
447449,TX
447458,CA
447467,LA
447582,WV
447591,TX
447607,CA
447616,CA
447689,GA
447698,AZ
447704,AZ
447713,CA
447722,CA
447731,CA
447759,CA
447768,CA
447777,CA
447795,CA
447801,CA
447810,CA
447847,FL
447865,FL
447874,FL
447883,FL
447892,FL
447908,FL
447917,GA
447935,KY
447953,CA
447962,LA
447971,MD
447980,MI
447999,MO
448017,MS
448026,ND
448044,NV
448071,NY
448123,PR
448196,TX
448220,UT
448239,UT
448248,UT
448257,VA
448275,WV
448354,NJ
448372,CA
448424,OK
448433,CA
448594,CA
448600,OH
448619,CT
448646,LA
448673,IL
448691,PA
448707,PR
448770,PA
448798,WI
448859,PA
448895,CA
449038,FL
449074,WA
449083,FL
449092,FL
449135,PR
449250,TX
449311,NY
449320,NY
449339,WV
449348,AL
449357,CA
449366,CA
449384,CA
449393,CA
449445,CA
449454,CO
449463,CT
449472,DE
449481,FL
449490,FL
449506,FL
449524,FL
449533,FL
449597,IN
449603,IN
449612,LA
449658,NJ
449676,NY
449685,NY
449700,OH
449719,OH
449728,OK
449764,TN
449773,TX
449782,TX
449807,TX
449816,UT
449834,VA
449861,WI
449870,CA
449889,IN
449898,FL
449904,TX
449922,VA
449931,VA
449959,FL
449968,CA
449977,MI
449986,CA
449995,VA
450021,LA
450058,OH
450067,OH
450119,AR
450128,LA
450298,DE
450304,TX
450377,AL
450395,OH
450401,OK
450571,WI
450599,VA
450605,PA
450614,NC
450632,KY
450641,NH
450650,WI
450696,CA
450702,CA
450711,TX
450720,NV
450933,AL
450951,AZ
450960,CA
450988,CA
451033,CO
451042,CT
451051,DE
451079,FL
451097,FL
451103,FL
451121,FL
451149,FL
451158,FL
451167,FL
451194,IA
451228,IN
451237,KS
451255,MA
451264,MA
451282,MI
451291,MI
451307,MI
451316,MO
451334,MO
451343,MS
451352,NC
451370,NJ
451398,NJ
451404,NY
451413,NY
451459,NY
451468,OH
451477,OH
451495,PA
451501,PR
451510,SC
451529,TN
451547,TX
451556,TX
451565,TX
451574,UT
451583,UT
451626,WA
451714,TX
451741,PR
451750,WI
451820,TX
451857,TX
451866,LA
451918,TN
451927,VA
452009,ND
452072,MI
452081,OH
452106,PR
452124,TN
452373,OH
452771,OH
452780,OH
452887,OH
452948,OH
453163,NC
453215,NJ
453297,OH
453756,OH
453792,OH
454184,NY
454227,IL
454236,OH
454245,AZ
454306,MI
454458,AR
454537,WI
454546,CA
454555,NV
454582,KS
454607,GA
454616,MN
454652,AL
454689,CO
454698,CA
454722,CA
454759,CA
454768,CA
454777,CA
454786,CA
454795,CA
454801,CA
454810,CO
454829,AZ
454838,CO
454847,CO
454856,CO
454865,FL
454874,FL
454917,FL
454926,GA
454935,ID
454944,ID
454953,IL
454962,IL
454971,IL
454980,IL
454999,IL
455008,IL
455026,MD
455062,MI
455071,MO
455080,MO
455099,MO
455105,MS
455114,ID
455141,NC
455178,NC
455187,NJ
455196,NJ
455202,NJ
455211,NV
455220,NY
455239,NY
455257,NY
455275,OH
455284,OH
455327,TX
455336,TX
455354,TX
455381,UT
455406,WA
455433,CA
455460,AL
455479,FL
455488,AL
455512,CA
455558,MI
455628,AL
455664,CA
455707,AL
455725,AZ
455734,CA
455761,CA
455770,CA
455798,CT
455804,DC
455813,DC
455831,FL
455859,ID
455868,CA
455877,IL
455886,IL
455895,IL
455901,MD
455910,NC
455929,OK
455956,PR
455965,RI
455974,TX
455983,VA
455992,VT
456001,VT
456029,TN
456038,AZ
456065,OH
456074,OH
456135,MN
456153,TX
456205,NC
456214,TX
456287,NE
456454,UT
456481,FL
456490,FL
456506,IN
456515,MI
456542,PA
456551,ND
456579,PA
456588,CA
456597,CA
456621,WV
456825,LA
456852,CA
456922,TX
456931,TX
456959,MN
456968,NC
456977,FL
457031,IL
457077,CA
457086,CA
457101,NV
457110,NV
457129,FL
457192,AR
457208,CA
457226,IN
457253,CA
457271,CA
457299,CA
457314,CA
457323,CA
457332,CT
457341,CT
457350,FL
457378,FL
457387,FL
457396,FL
457402,FL
457411,FL
457420,FL
457439,FL
457448,FL
457466,GA
457475,GA
457484,HI
457493,ID
457527,IL
457536,IL
457545,IL
457554,IL
457563,IN
457572,IN
457581,KS
457606,LA
457615,MA
457624,MA
457633,MI
457642,MI
457651,MN
457679,MN
457688,MO
457697,MO
457721,MT
457749,MT
457767,NJ
457776,NM
457785,NV
457794,NY
457800,NY
457819,NY
457837,NY
457846,NY
457855,NY
457873,OH
457916,OH
457925,OR
457943,PA
457952,PA
457989,SC
457998,SC
458007,TN
458034,TX
458043,TX
458052,TX
458061,TX
458070,TX
458098,TX
458104,UT
458113,VA
458122,VA
458131,WA
458140,WA
458168,WI
458210,CA
458229,CA
458265,IL
458274,IL
458405,NC
458441,GA
458496,VA
458681,IN
458803,TN
458812,TN
458821,TN
458830,PA
458858,IN
458867,GA
458885,AR
458919,GA
458955,MS
458964,SC
458973,TX
458982,TX
459000,TN
459019,NC
459046,NC
459055,FL
459064,NC
459116,AZ
459125,AZ
459170,CA
459189,CA
459198,CA
459204,CA
459213,CA
459231,CA
459259,VA
459268,VA
459277,CO
459286,CO
459295,CO
459301,DE
459310,FL
459329,FL
459347,FL
459374,IL
459392,IN
459408,MA
459417,MI
459426,MN
459462,NY
459499,OR
459514,TX
459523,TX
459532,TX
459541,UT
459550,WA
459578,WI
459727,CA
459736,CA
459745,DC
459824,NV
459842,WI
459851,WI
459949,TX
459958,TX
459967,TX
459985,TX
459994,DC
460011,SC
460020,SC
460093,MI
460109,IN
460118,OH
460127,MI
460136,TX
460145,IL
460172,TX
460181,TX
460190,FL
460206,TX
460349,RI
460376,VA
460385,PA
460394,CA
460455,NY
460464,CA
460482,MI
460516,CA
460525,ID
460534,TX
460543,TX
460677,PR
460701,FL
460738,CT
460756,HI
460765,NC
460808,ID
460817,NC
460826,GA
460835,SC
460862,OR
460871,VA
460899,ID
460914,AZ
460932,MO
460969,FL
460978,TX
460987,AR
460996,MO
461014,NY
461023,AZ
461032,NC
461087,OK
461111,OH
461120,TN
461139,NC
461148,CA
461175,CA
461193,PA
461218,PA
461245,FL
461254,CA
461263,CA
461272,UT
461281,FL
461290,NH
461306,FL
461315,MI
461324,TN
461333,HI
461342,UT
461379,MD
461388,TX
461412,VA
461421,MO
461430,NV
461485,NC
461494,UT
461500,CA
461528,NC
461537,MO
461555,NM
461573,MO
461582,IL
461591,HI
461607,CA
461625,PR
461643,CA
461652,ID
461689,CO
461704,ME
461713,AZ
461722,KY
461740,TX
461759,KY
461768,NY
461786,WI
461795,TX
461810,CO
461829,CA
461838,NY
461847,NJ
461856,CA
461865,NJ
461874,WI
461883,FL
461892,MI
461908,WI
461917,IN
461926,UT
461944,MI
461953,CO
461962,ME
461999,OH
462008,NV
462017,IN
462035,FL
462044,ME
462053,IL
462062,CA
462071,WA
462336,CA
462345,IL
462354,CA
463056,CT
464226,AZ
465812,UT
466921,MO
466930,TX
467094,NY
467368,CA
467863,SC
467872,SC
467906,SC
468246,OR
468255,OR
468291,CA
468769,CA
468848,CA
468893,LA
468909,CA
468963,MA
469416,PR
469610,AZ
469629,OK
469638,IL
469911,LA
469920,LA
469957,CA
470038,CA
470047,KS
470296,TX
470393,IL
474863,CA
474890,AZ
474915,AZ
474924,UT
475015,IA
475024,NJ
475033,NY
475060,GA
475121,GA
475176,CA
475200,WA
475228,CA
475273,MA
475282,CA
475325,NV
475398,WV
475404,NY
475413,WI
475422,NY
475431,NJ
475459,MS
475468,NJ
475477,FL
475486,TX
475495,UT
475547,FL
475556,NC
475565,NY
475574,IN
475608,TX
475635,CA
475653,IL
475662,TX
475705,CA
475714,FL
475723,UT
475732,GA
475741,IN
475750,TX
475839,AZ
476063,FL
476179,VA
476230,WV
476294,UT
476355,NY
476489,IL
476498,FL
476513,CA
476540,TX
476559,TX
476568,VA
476595,CA
476601,MD
476610,NY
476629,OH
476683,OH
476692,NJ
476708,UT
476717,NY
476726,TX
476735,MA
476753,AZ
476780,CA
476799,CA
476805,AL
476814,FL
476841,NV
476850,ID
476869,ID
476878,NY
476887,GA
476896,TX
476902,KS
476939,FL
476948,GA
476957,ID
476966,FL
476975,CO
476984,KS
476993,UT
477002,MI
477039,TX
478582,GA
478591,TX
478616,NC
478634,CA
478661,NJ
478917,KS
478953,KS
479062,RI
479248,VA
479424,CA
479965,NJ
479974,CA
479983,CO
479992,CA
480000,CA
480019,CA
480028,NY
480037,NC
480073,TX
480091,NY
480125,TX
480161,KY
480189,PA
480198,OR
480204,CA
480310,MD
480347,AZ
480471,CA
480499,CA
480523,OH
480532,OH
480550,KY
480569,FL
480657,KS
480693,MD
480727,MI
480736,CT
480781,CA
480790,CO
480824,TX
480833,TX
480842,FL
480851,FL
480879,MO
480888,TX
480903,CT
480912,TX
480921,AR
480930,VA
480967,OK
480976,AL
480985,UT
480994,MD
481003,TX
481021,PA
481030,WV
481049,MO
481058,CA
481085,IL
481094,NY
481100,UT
481128,CA
481137,WI
481146,GA
481155,GA
481182,CA
481191,CA
481207,MD
481225,TN
481243,NY
481252,FL
481289,CA
481298,CA
481313,FL
481322,TX
481331,NY
481340,TN
481368,FL
481386,CA
481401,TX
481410,NY
481429,NJ
481438,NJ
481447,NJ
481456,UT
481465,LA
481474,CA
481483,FL
481508,NJ
481517,MO
481526,VA
481535,CA
481571,CT
481678,GA
481720,NC
481739,IL
481748,IL
481775,CA
481845,NY
481863,IN
481890,KY
481906,WV
481960,CA
482015,TX
482060,CA
482097,MO
482149,GA
482158,GA
482167,IL
482176,CO
482185,WA
482194,NY
482200,TX
482228,IN
482246,ND
482255,NV
482291,CA
482325,TX
482413,NY
482422,AZ
482431,CA
482440,CO
482459,FL
482468,GA
482477,IL
482486,IN
482538,MO
482547,NV
482556,NJ
482565,NC
482574,OH
482608,PA
482617,TN
482635,TX
482653,VA
482680,GA
482699,GA
482705,MA
482936,FL
482963,NJ
482972,TX
482981,TX
482990,AZ
483009,CA
483018,OH
483036,TX
483045,GA
483054,PA
483106,NJ
483124,AZ
483212,LA
483221,CA
483230,CA
483258,IL
483276,OK
483328,IL
483337,SC
483346,PA
483355,LA
483364,LA
483373,CA
483382,NY
483425,NC
483443,CA
483470,FL
483504,MI
483513,TX
483559,TX
483577,TN
483595,FL
483647,OH
483708,NY
483726,VA
483735,TX
483744,TN
483753,PA
483780,VA
483799,WI
483814,VA
483823,PA
483841,NY
483850,NY
483869,FL
483878,CA
483887,TN
483896,FL
483911,IL
483920,OH
483939,LA
483948,LA
483957,CA
483975,AL
484002,CA
484011,NY
484020,NC
484039,FL
484048,TX
484057,MA
484066,KY
484075,FL
484084,IL
484093,MI
484109,IN
484127,CT
484136,TX
484163,AZ
484172,FL
484190,LA
484206,CA
484233,CA
484321,NJ
484330,KY
484349,IN
484358,TN
484367,CA
484376,CA
484394,UT
484473,FL
484604,TX
484613,AZ
484631,CA
484668,FL
484677,GA
484710,NV
484756,TX
484826,WA
484835,PR
484862,CA
484871,NY
484899,AZ
484905,TX
484923,VA
484932,WV
484950,OR
484996,TX
485014,NY
485032,OH
485111,GA
485139,IL
485166,OR
485236,PA
485263,CA
485272,FL
485306,AZ
485342,FL
485360,TX
485379,FL
485388,FL
485397,PA
485403,CA
485412,CA
485458,GA
485476,WA
485485,FL
485494,CA
485500,CA
485519,CA
485537,TX
485546,CA
485564,LA
485573,CA
485582,RI
485591,AR
485607,CT
485698,SC
485704,AR
485768,FL
485801,NY
485810,TX
485856,PA
485874,TX
485908,OH
485926,TX
485953,TX
485962,LA
485999,NY
486017,NY
486026,NY
486053,MN
486080,NY
486105,PA
486123,CA
486141,CA
486150,FL
486169,KY
486196,NY
486202,WV
486239,FL
486248,CA
486257,OH
486284,MN
486309,WI
486345,IL
486354,FL
486372,CA
486381,NY
486390,NY
486406,WV
486415,NY
486424,DC
486433,CA
486442,TN
486460,WI
486488,CA
486497,CA
486503,TX
486512,FL
486530,TN
486558,CA
486567,OK
486576,PR
486594,VA
486619,AR
486691,GA
486707,AL
486716,TN
486734,NJ
486752,IN
486770,TX
486798,TX
486813,TX
486822,AZ
486840,GA
486859,NE
486868,AZ
486877,NY
486886,NY
486901,TN
486938,NV
486947,MI
486956,NJ
486965,CA
486983,WI
487010,TN
487047,LA
487065,TX
487083,MI
487092,GA
487153,LA
487162,GA
487232,TX
487296,AZ
487302,OH
487311,FL
487320,TX
487348,WA
487375,NV
487384,FL
487393,FL
487409,FL
487418,FL
487427,FL
487436,FL
487445,FL
487454,FL
487472,FL
487481,AZ
487490,TX
487506,WI
487524,ME
487533,IL
487588,MS
487597,CA
487603,WA
487621,LA
487649,CA
487658,LA
487676,MD
487746,NY
487773,CA
487791,SC
487807,SC
487816,AL
487852,NJ
487861,OH
487889,AZ
487898,SC
487904,KY
487913,KY
487922,TN
487959,GA
487968,IL
487977,WV
487995,CA
488004,NY
488013,NJ
488022,SC
488031,CA
488040,SC
488059,FL
488068,TN
488077,AZ
488101,NY
488110,TX
488129,IN
488138,LA
488147,FL
488174,MO
488183,KY
488192,CA
488217,KY
488226,FL
488235,MO
488253,NY
488262,DE
488271,WA
488280,FL
488299,TX
488305,NY
488314,NJ
488332,FL
488350,NJ
488369,PA
488378,WA
488387,CA
488396,IL
488411,CA
488420,IN
488439,IN
488448,WA
488527,AR
488554,NM
488572,CA
488590,OR
488651,NM
488679,IN
488730,TX
488749,MD
488776,IN
488785,CA
488800,CA
488828,OK
488837,MI
488846,CA
488891,FL
488907,NV
488916,AL
488925,SC
488934,OK
488952,OH
488961,IN
488970,MI
488989,TX
488998,ID
489122,WI
489131,WI
489140,WI
489159,SC
489201,CA
489238,FL
489247,UT
489256,PR
489283,TX
489335,CA
489344,NC
489353,CA
489371,CA
489760,CA
489779,IN
489812,MT
489830,AR
489858,CA
489937,NC
490018,FL
490045,CA
490054,FL
490063,CA
490081,CA
490090,FL
490106,VA
490115,TN
490124,CA
490133,CA
490142,FL
490151,TN
490160,CA
490197,CA
490203,MO
490212,CA
490221,GA
490230,GA
490249,NJ
490258,PA
490267,TN
490276,NY
490285,CA
490294,WA
490300,NJ
490319,NJ
490328,NY
490337,CA
490346,NY
490373,MI
490382,NH
490391,FL
490407,GA
490416,LA
490425,TX
490434,OH
490443,VA
490452,AZ
490461,TN
490470,TN
490489,MI
490498,LA
490504,NY
490513,NJ
490522,TX
490531,LA
490540,AR
490559,FL
490568,MI
490601,MO
490674,TX
490692,OH
490717,NV
490735,TX
490744,AR
490753,ME
490805,IN
490814,MI
490832,OH
490841,MI
490869,NJ
490878,CA
490896,NJ
490948,NC
490975,FL
491057,NY
491066,TX
491075,AR
491084,LA
491136,FL
491145,FL
491181,KY
491190,CA
491215,AZ
491224,WI
491233,MS
491242,OR
491251,TX
491260,WA
491288,WI
491297,WI
491394,TX
491446,NY
491464,CA
491473,DE
491482,CA
491507,CA
491525,IN
491534,FL
491543,CA
491552,IN
491570,GA
491589,TX
491598,PA
491613,NJ
491622,NJ
491631,MD
491640,NJ
491659,CA
491668,PR
491677,PA
491686,AZ
491695,AL
491701,ID
491710,NJ
491729,MS
491738,HI
491747,FL
491756,CA
491765,NJ
491774,NY
491783,FL
491792,CO
491808,CA
491817,NJ
491826,NM
491835,TX
491844,MN
491853,CA
491871,TX
491880,CA
491899,CA
491905,AL
491914,NJ
491923,SC
491932,FL
491941,IN
491950,CA
491969,NY
491978,VA
491996,TX
492005,OH
492032,FL
492069,AR
492078,IL
492096,MI
492139,MI
492157,TX
492209,CA
492281,AR
492306,CA
492315,CA
492324,CA
492360,FL
492379,ND
492397,ID
492421,NC
492449,CA
492476,PR
492591,TX
492607,TX
492643,VA
492652,FL
492661,CA
492689,TX
492704,PR
492722,TX
492731,NJ
492759,LA
492801,MO
492935,FL
492953,CA
492962,IN
493071,PR
493080,CA
493132,NJ
493150,TN
493372,NM
493451,MO
493479,CA
493488,FL
493497,VA
493503,CA
493512,CA
493521,OH
493530,VA
493549,TX
493558,PA
493567,FL
493576,PA
493585,PA
493594,NY
493600,NY
493619,CA
493628,NJ
493637,KY
493646,NY
493655,TX
493664,NY
493673,PR
493682,CT
493691,OK
493707,NJ
493716,NJ
493725,AR
493734,TX
493743,TX
493752,TN
493761,CA
493770,SC
493789,TN
493798,NY
493804,TX
493813,PA
493822,RI
493831,KS
493868,NM
493895,MD
493947,ID
493992,TX
494001,NC
494010,MO
494029,IN
494162,TX
494171,AZ
494232,DC
494250,OH
494269,GA
494278,PR
494287,PR
494357,CA
494436,TN
494463,NY
494472,TX
494524,TX
494551,NY
494588,TX
494621,VA
494630,TX
494649,UT
494658,CA
494685,MO
494694,TX
494700,AZ
494719,TX
494728,TX
494737,NY
494746,CA
494755,PA
494764,NC
494807,PR
494834,PR
494843,MD
494852,IL
494898,KS
494904,NY
494940,CA
494959,PA
494977,TX
494986,CO
494995,OH
495013,AZ
495031,NY
495040,HI
495059,CA
495077,CA
495101,UT
495110,MI
495129,TX
495138,NY
495147,WA
495156,WA
495165,NY
495174,CA
495183,FL
495192,CA
495208,GA
495217,FL
495226,MO
495235,FL
495244,TX
495253,OK
495262,OR
495271,CA
495280,AZ
495299,FL
495305,TX
495314,NJ
495341,MI
495350,CA
495369,FL
495378,IA
495387,IL
495396,NY
495411,UT
495420,FL
495439,FL
495448,AZ
495457,AZ
495518,VA
495730,IL
495767,PA
495776,TX
495794,TN
495837,MI
495916,CA
495925,CA
495934,CA
495943,CA
495952,CA
495961,CA
495970,PR
495998,CA
496043,CA
496052,FL
496061,OH
496186,CA
496265,PA
496283,ID
496292,TN
496326,ID
496371,OH
496423,WA
10236801,AL
10236802,AL
10236803,AL
10236808,AL
10236809,AL
10415101,AZ
10415102,AZ
10415103,AZ
10415104,AZ
10415105,AZ
10415106,AZ
10415107,AZ
10415108,AZ
10415109,AZ
10415110,AZ
10415111,AZ
10415112,DC
10635101,AR
10704401,TN
10722001,AR
10722002,AR
10722003,AR
10722004,AR
10772501,AR
11046801,CA
11046802,CA
11046803,CA
11046804,CA
11046805,CA
11257001,IL
11435401,CA
11435402,CA
11458501,CA
11473402,CA
11508305,WA
11508306,CA
11577301,CA
11635001,CA
11643901,CA
11710401,VA
11854101,CA
11854102,CA
11891201,CA
11917301,CA
12240901,CA
12265801,CA
12293101,CA
12429201,MA
12509101,CA
12601201,CA
12682703,CO
12697901,MD
12697902,TX
12777801,CO
12777802,CO
12777803,CO
12980801,CT
12980802,CT
13017401,CT
13017402,CT
13017403,CT
13017405,MA
13017407,CT
13017408,MA
13090701,DE
13090702,DE
13180301,DC
13247101,FL
13508101,FL
13508102,FL
13508103,FL
13508104,FL
13508105,FL
13508106,FL
13508107,FL
13508108,FL
13508109,FL
13508110,FL
13508111,FL
13508112,FL
13508113,FL
13508114,FL
13508115,FL
13508116,FL
13552201,FL
13682601,FL
13830901,FL
13830902,FL
13830903,FL
13830904,FL
13962101,GA
13962102,GA
14736901,MI
14736902,WA
14953201,IL
15085301,IN
15085302,KY
15085303,IN
15098701,IN
15098702,IN
15098703,IN
15098704,IN
15098705,IN
15098706,IN
15098707,IN
15098708,IN
15098709,IN
15098710,IN
15098711,IN
15098712,IN
15098713,IN
15098714,IN
15208001,IL
15336601,MO
15468801,KS
15468802,KS
15492501,KS
15492502,KS
15535301,MO
15631001,IN
15631002,IN
15631003,IN
15631004,IN
15631005,KY
16061201,LA
16061202,LA
16061203,LA
16061204,LA
16149303,ME
16210401,MD
16855501,MI
16884701,MI
16884703,MI
16884704,MI
16884706,MI
16884707,MI
16884709,MI
16884710,MI
16908001,MI
16947903,MI
16947904,MI
16947905,MI
16947907,MI
16947909,MI
16947910,MI
16947912,MI
16947918,MI
16947920,MI
16947921,MI
16947922,MI
16947923,MI
16947924,MI
16947925,MI
17296301,MN
17320301,MN
17355901,MN
17355902,MN
17355903,MN
17391101,MN
17395701,FL
17395702,AZ
17399301,MN
17447301,MN
17501401,MN
17501402,MN
17501403,MN
17501404,MN
17501405,MN
17501406,MN
17526301,MN
17557301,MS
17557302,MS
17601701,MS
17623901,MS
17706501,AL
17706503,CO
17706504,FL
17706505,FL
17706506,IL
17706507,MO
17706508,MO
17706509,MO
17706510,MO
17706511,MO
17706512,TX
17706513,UT
17706514,IL
17706515,WA
17706516,IL
17706517,MO
17706518,MO
17706519,CA
17706521,CA
17706522,CA
17706523,GA
17706524,GA
17706525,IL
17706526,NY
17706527,WA
17706528,NY
17706529,FL
17706530,OK
17706532,CA
17706533,TX
17706534,MO
17706535,CA
17706536,CA
17706537,GA
17706538,MO
17706539,ND
17706540,MO
17706541,TX
17706542,MO
17706543,HI
17706544,FL
17733901,MO
18017901,MT
18303501,ME
18409201,NJ
18557201,NJ
18908801,MA
18908802,NY
18908803,NY
18908804,NY
18908805,NY
18908806,NY
18908807,NY
18908808,NJ
18908809,NY
18908810,CA
18922801,NY
18956501,NY
18958301,NY
18958302,NY
18959201,NY
19050301,CA
19050302,TX
19054901,NY
19200401,NY
19385801,ID
19457801,NY
19476301,NY
19570201,NY
19580901,NY
19857001,NC
19998001,NC
20146901,OH
20146902,OH
20146903,OH
20306701,OH
20306702,CA
20354401,OH
20417601,OH
20627901,CA
20627902,FL
20627903,CA
20651601,OH
20750001,OK
20750002,GA
20750003,NV
21036801,CA
21036802,CA
21078401,PA
21130701,PA
21130702,PA
21287801,PA
21287802,PA
21287803,PA
21287804,PA
21429001,PA
21429002,OH
21437901,PA
21608301,PA
22039401,TN
22055203,TN
22055204,GA
22300101,TN
22797901,TX
22797902,TX
22797903,TX
22828201,TX
22872301,TX
23059701,UT
23091301,MA
23091302,VT
23155401,VA
23178501,VA
23178502,VA
23368401,VA
23368402,VA
23368403,VA
23368404,VA
23368405,VA
23368407,VA
23368408,VA
23368409,VA
23368410,VA
23368411,VA
23384201,NC
23693901,WA
23693902,WA
23693903,WA
24297201,PR
24297202,PR
24297203,PR
24297204,PR
24297205,PR
24297206,FL
24297207,FL
24297208,FL
24297209,FL
24297210,FL
24297211,FL
24297212,PR
24297213,PR
24297214,PR
24297215,PR
24297216,PR
24297217,PR
24297218,PR
24297219,PR
24297220,PR
24297221,PR
24297222,PR
24297223,PR
24297224,PR
24297225,FL
24366501,VI
24378001,IN
24378002,IN
24378003,IN
24378004,IN
24378006,IN
24378007,IN
24378008,IN
24378009,IN
24378010,IN
24893401,VA
24893402,NC
24893403,NC
24893404,SC
24893405,VA
24893406,SC
24893407,NC
24893408,SC
24893409,NC
24893410,VA
24893411,VA
24893412,VA
24893413,VA
24893414,VA
24893415,VA
24893416,FL
24893417,VA
24893418,TX
36520401,TX
36520402,TX
36520403,NM
36520404,TX
36520405,TX
36520406,TX
36520407,TX
36520408,AR
36520409,LA
36662301,OK
37369601,RI
37727201,TX
37728101,TX
37728102,TX
37728103,TX
38561901,FL
38561902,FL
38561903,FL
38561904,FL
40884401,FL
40884402,FL
41724801,CT
41822301,OH
41829601,OK
41829602,OK
41829603,OK
41918301,CA
42312001,FL
42799101,FL
42799102,FL
42817001,FL
43018401,MD
43018402,MD
43018403,MD
43018404,MD
43342002,CA
43401601,IA
43482101,LA
44098901,TX
44098902,TX
44098904,TX
44376601,TN
44376602,TN
44376603,TN
44378401,PA
44378403,PA
44378404,PA
44378405,PA
44378406,PA
44434301,CA
44434302,CA
44452901,IL
44467101,PR
44473201,PR
44781001,CA
44784701,FL
44801701,MS
44867301,IL
44867302,IL
44867303,IL
44903802,FL
44903803,FL
44903804,FL
44903805,FL
44903806,FL
44903808,FL
44903809,FL
44936601,NY
44946301,CT
44970001,OH
44970002,OH
44970003,OH
44970004,OH
44977302,TX
45037701,AL
45037702,AL
45037703,AL
45057102,WI
45098801,CA
45133401,TX
45175001,WI
45175002,WI
45316301,NC
45316302,NC
45316303,NC
45316304,NC
45316305,NC
45316306,NC
45321501,NJ
45321503,NJ
45486501,GA
45491701,FL
45519601,FL
45519602,NJ
45519603,FL
45519604,FL
45519605,FL
45538101,UT
45595601,FL
45763301,MI
45776701,NJ
45891901,GA
45891902,GA
45891903,GA
45891904,GA
45891905,GA
45891906,GA
45891907,GA
45891908,GA
45891909,GA
45896401,SC
45896402,SC
45897303,TX
45897305,TX
45897306,TX
45897307,TX
45897308,TX
45897309,TX
45920401,CA
45937401,FL
46131501,MI
46182901,CA
46185601,CA
47501501,MN
47503301,NJ
47503302,LA
47503303,DE
47503304,TN
47503305,TX
47503306,IL
47503307,LA
47503308,PA
47503309,CO
47503310,TN
47503311,TX
47503312,TX
47503313,DC
47503314,GA
47503315,CA
47503316,IN
47662901,OH
47699301,NV
48002801,GA
48065701,KS
48079001,UT
48092101,AR
48133101,NY
48325801,IL
48325802,IL
48379901,WI
48385001,NY
48387801,CA
48400201,CA
48400202,CA
48486201,CA
48511101,GA
48511102,GA
48511103,GA
48511104,GA
48511105,GA
48511106,GA
48511107,GA
48511108,GA
48511109,GA
48511110,GA
48511111,GA
48511112,GA
48511113,GA
48616901,KY
49005401,FL
49022101,GA
49146401,CA
49175601,CA
49178301,FL
49501301,AZ
49501302,AZ
49576701,PA
49576702,PA
49576703,PA
49576704,PA
49576705,PA
49576706,PA
49576707,PA
49576708,PA
49576709,PA
49576710,PA
49576711,PA
49576712,PA
49576713,PA
49576714,PA
49576715,PA
49576716,PA
49576717,PA
49576718,PA
49576719,PA
49576720,PA
49576721,PA
49576722,PA
49576723,PA